"disturbance","time","pine","wetland","Occu","OccuLower","OccuUpper"
"fire",2,0.1,0.1,0.673698518451553,0.250613894671488,0.927254619206872
"fire",2,0.1,0.9,0.673698518451553,0.250613894671488,0.927254619206872
"fire",2,0.9,0.1,0.997163358157612,0.873856602142094,0.999943943279407
"fire",2,0.9,0.9,0.997163358157612,0.873856602142094,0.999943943279407
"fire",3,0.1,0.1,0.6210042699749,0.236648368918653,0.89648541032447
"fire",3,0.1,0.9,0.6210042699749,0.236648368918653,0.89648541032447
"fire",3,0.9,0.1,0.996136135420082,0.853354071366331,0.999912455747736
"fire",3,0.9,0.9,0.996136135420082,0.853354071366331,0.999912455747736
"fire",4,0.1,0.1,0.565291312741724,0.221256647162567,0.856151705761966
"fire",4,0.1,0.9,0.565291312741724,0.221256647162567,0.856151705761966
"fire",4,0.9,0.1,0.994738890886726,0.828861011065662,0.999864540228557
"fire",4,0.9,0.9,0.994738890886726,0.828861011065662,0.999864540228557
"fire",5,0.1,0.1,0.507878629896761,0.204154223222267,0.805896526744461
"fire",5,0.1,0.9,0.507878629896761,0.204154223222267,0.805896526744461
"fire",5,0.9,0.1,0.992840008775204,0.799597087397037,0.999792535637936
"fire",5,0.9,0.9,0.992840008775204,0.799597087397037,0.999792535637936
"fire",6,0.1,0.1,0.450257383207345,0.185098645546516,0.747045512999646
"fire",6,0.1,0.9,0.450257383207345,0.185098645546516,0.747045512999646
"fire",6,0.9,0.1,0.990262475758273,0.764718053470715,0.999685824198985
"fire",6,0.9,0.9,0.990262475758273,0.764718053470715,0.999685824198985
"fire",7,0.1,0.1,0.39394038554061,0.164014455181551,0.682893065393779
"fire",7,0.1,0.9,0.39394038554061,0.164014455181551,0.682893065393779
"fire",7,0.9,0.1,0.986769418874415,0.72339231534318,0.999530071277046
"fire",7,0.9,0.9,0.986769418874415,0.72339231534318,0.999530071277046
"fire",8,0.1,0.1,0.340306936147006,0.141183587236846,0.618135222501304
"fire",8,0.1,0.9,0.340306936147006,0.141183587236846,0.618135222501304
"fire",8,0.9,0.1,0.982046046381061,0.674940734285219,0.999306481120161
"fire",8,0.9,0.9,0.982046046381061,0.674940734285219,0.999306481120161
"fire",9,0.1,0.1,0.290475734566253,0.117419246772652,0.557482264445022
"fire",9,0.1,0.9,0.290475734566253,0.117419246772652,0.557482264445022
"fire",9,0.9,0.1,0.975677973515695,0.61905238474331,0.998991187832299
"fire",9,0.9,0.9,0.975677973515695,0.61905238474331,0.998991187832299
"fire",10,0.1,0.1,0.245228875014005,0.0940412169122128,0.504203763198934
"fire",10,0.1,0.9,0.245228875014005,0.0940412169122128,0.504203763198934
"fire",10,0.9,0.1,0.967126821845031,0.556062442299295,0.998554925746038
"fire",10,0.9,0.9,0.967126821845031,0.556062442299295,0.998554925746038
"fire",11,0.1,0.1,0.204993740301085,0.0725330525185312,0.459507303873351
"fire",11,0.1,0.9,0.204993740301085,0.0725330525185312,0.459507303873351
"fire",11,0.9,0.1,0.95570573821889,0.487226479714451,0.997963115833018
"fire",11,0.9,0.9,0.95570573821889,0.487226479714451,0.997963115833018
"fire",12,0.1,0.1,0.169874284896405,0.0540495148600347,0.422932336352805
"fire",12,0.1,0.9,0.169874284896405,0.0540495148600347,0.422932336352805
"fire",12,0.9,0.1,0.940560516478466,0.414862733343113,0.997176451534714
"fire",12,0.9,0.9,0.940560516478466,0.414862733343113,0.997176451534714
"fire",13,0.1,0.1,0.139714117810023,0.0391135929252054,0.393184285067821
"fire",13,0.1,0.9,0.139714117810023,0.0391135929252054,0.393184285067821
"fire",13,0.9,0.1,0.920666665042256,0.342210387070394,0.996151970793827
"fire",13,0.9,0.9,0.920666665042256,0.342210387070394,0.996151970793827
"fire",14,0.1,0.1,0.114172236264792,0.0276440874494289,0.36881153415561
"fire",14,0.1,0.9,0.114172236264792,0.0276440874494289,0.36881153415561
"fire",14,0.9,0.1,0.894858824834278,0.272932356037248,0.994844485577756
"fire",14,0.9,0.9,0.894858824834278,0.272932356037248,0.994844485577756
"fire",15,0.1,0.1,0.0927961245705691,0.0191808832590584,0.348542788118603
"fire",15,0.1,0.9,0.0927961245705691,0.0191808832590584,0.348542788118603
"fire",15,0.9,0.1,0.861914658785365,0.210378129406627,0.993208146422576
"fire",15,0.9,0.9,0.861914658785365,0.210378129406627,0.993208146422576
"fire",16,0.1,0.1,0.0750829696481226,0.0131218572461389,0.331379296807043
"fire",16,0.1,0.9,0.0750829696481226,0.0131218572461389,0.331379296807043
"fire",16,0.9,0.1,0.82071610620799,0.156895782435028,0.991197885503877
"fire",16,0.9,0.9,0.82071610620799,0.156895782435028,0.991197885503877
"fire",17,0.1,0.1,0.0605253689048688,0.00888067958851144,0.316574383648808
"fire",17,0.1,0.9,0.0605253689048688,0.00888067958851144,0.316574383648808
"fire",17,0.9,0.1,0.770498663786138,0.113481532946811,0.988770521850854
"fire",17,0.9,0.9,0.770498663786138,0.113481532946811,0.988770521850854
"fire",18,0.1,0.1,0.0486418574126909,0.00596118434637202,0.303580530865133
"fire",18,0.1,0.9,0.0486418574126909,0.00596118434637202,0.303580530865133
"fire",18,0.9,0.1,0.711165523151936,0.0798616562866431,0.98588540898853
"fire",18,0.9,0.9,0.711165523151936,0.0798616562866431,0.98588540898853
"fire",19,0.1,0.1,0.0389947028291996,0.00397635290916588,0.291997524943505
"fire",19,0.1,0.9,0.0389947028291996,0.00397635290916588,0.291997524943505
"fire",19,0.9,0.1,0.643588545786819,0.0548770078237461,0.982504619622344
"fire",19,0.9,0.9,0.643588545786819,0.0548770078237461,0.982504619622344
"fire",20,0.1,0.1,0.0311981273017687,0.00263949373691077,0.281531211832327
"fire",20,0.1,0.9,0.0311981273017687,0.00263949373691077,0.281531211832327
"fire",20,0.9,0.1,0.569765911337771,0.0369480714964429,0.978592755096545
"fire",20,0.9,0.9,0.569765911337771,0.0369480714964429,0.978592755096545
"fire",21,0.1,0.1,0.0249199714453281,0.00174541620889886,0.27196322544188
"fire",21,0.1,0.9,0.0249199714453281,0.00174541620889886,0.27196322544188
"fire",21,0.9,0.1,0.492705142533549,0.0244519630349326,0.974116517512122
"fire",21,0.9,0.9,0.492705142533549,0.0244519630349326,0.974116517512122
"fire",22,0.1,0.1,0.0198792764699986,0.00115070398218438,0.263129493328129
"fire",22,0.1,0.9,0.0198792764699986,0.00115070398218438,0.263129493328129
"fire",22,0.9,0.1,0.415989451346967,0.0159492170955192,0.969044188940612
"fire",22,0.9,0.9,0.415989451346967,0.0159492170955192,0.969044188940612
"fire",23,0.1,0.1,0.0158416245886669,0.000756786929721886,0.254905143459584
"fire",23,0.1,0.9,0.0158416245886669,0.000756786929721886,0.254905143459584
"fire",23,0.9,0.1,0.343139006836986,0.0102767708051377,0.963345138498061
"fire",23,0.9,0.9,0.343139006836986,0.0102767708051377,0.963345138498061
"fire",24,0.1,0.1,0.0126135005953117,0.000496736965802125,0.247193904551111
"fire",24,0.1,0.9,0.0126135005953117,0.000496736965802125,0.247193904551111
"fire",24,0.9,0.1,0.276995451569047,0.00655353501653453,0.956989441198606
"fire",24,0.9,0.9,0.276995451569047,0.00655353501653453,0.956989441198606
"fire",25,0.1,0.1,0.0100364785748069,0.00032551749142188,0.239920616772235
"fire",25,0.1,0.9,0.0100364785748069,0.00032551749142188,0.239920616772235
"fire",25,0.9,0.1,0.219344213762852,0.00414242995746341,0.949947655886904
"fire",25,0.9,0.9,0.219344213762852,0.00414242995746341,0.949947655886904
"fire",26,0.1,0.1,0.00798170321147401,0.000213027556009986,0.233025891174707
"fire",26,0.1,0.9,0.00798170321147401,0.000213027556009986,0.233025891174707
"fire",26,0.9,0.1,0.170856429913067,0.00259855211578966,0.942190780386754
"fire",26,0.9,0.9,0.170856429913067,0.00259855211578966,0.942190780386754
"fire",27,0.1,0.1,0.00634490725463387,0.000139252954966463,0.226462260194534
"fire",27,0.1,0.9,0.00634490725463387,0.000139252954966463,0.226462260194534
"fire",27,0.9,0.1,0.131284683089378,0.0016193583056932,0.933690382255408
"fire",27,0.9,0.9,0.131284683089378,0.0016193583056932,0.933690382255408
"fire",28,0.1,0.1,0.00504206058884862,0.000090939993870942,0.220191371167027
"fire",28,0.1,0.9,0.00504206058884862,0.000090939993870942,0.220191371167027
"fire",28,0.9,0.1,0.099775187220467,0.00100334806846349,0.924418892007618
"fire",28,0.9,0.9,0.099775187220467,0.00100334806846349,0.924418892007618
"fire",29,0.1,0.1,0.00400565860191593,0.0000593400035943112,0.214181916639607
"fire",29,0.1,0.9,0.00400565860191593,0.0000593400035943112,0.214181916639607
"fire",29,0.9,0.1,0.0751738294013983,0.000618527618605491,0.914350039962195
"fire",29,0.9,0.9,0.0751738294013983,0.000618527618605491,0.914350039962195
"fire",30,0.1,0.1,0.00318160914078121,0.0000386929226142735,0.20840809076697
"fire",30,0.1,0.9,0.00318160914078121,0.0000386929226142735,0.20840809076697
"fire",30,0.9,0.1,0.0562592895971634,0.00037959413769109,0.903459415554935
"fire",30,0.9,0.9,0.0562592895971634,0.00037959413769109,0.903459415554935
"fire",31,0.1,0.1,0.00252665418765997,0.0000252143240305262,0.202848425489866
"fire",31,0.1,0.9,0.00252665418765997,0.0000252143240305262,0.202848425489866
"fire",31,0.9,0.1,0.0418882957010114,0.00023203258904287,0.891725127180957
"fire",31,0.9,0.9,0.0418882957010114,0.00023203258904287,0.891725127180957
"fire",32,0.1,0.1,0.00200625461510144,0.0000164220977989686,0.197484903903598
"fire",32,0.1,0.9,0.00200625461510144,0.0000164220977989686,0.197484903903598
"fire",32,0.9,0.1,0.0310674135249934,0.000141329582938021,0.879128540156864
"fire",32,0.9,0.9,0.0310674135249934,0.000141329582938021,0.879128540156864
"fire",33,0.1,0.1,0.00159286741100237,0.0000106906396249248,0.192302278115356
"fire",33,0.1,0.9,0.00159286741100237,0.0000106906396249248,0.192302278115356
"fire",33,0.9,0.1,0.0229748285865299,0.0000858088718587136,0.865655069576733
"fire",33,0.9,0.9,0.0229748285865299,0.0000858088718587136,0.865655069576733
"fire",34,0.1,0.1,0.00126455039045952,0.00000695658927058762,0.18728753952635
"fire",34,0.1,0.9,0.00126455039045952,0.00000695658927058762,0.18728753952635
"fire",34,0.9,0.1,0.0169533545114381,0.0000519500477203529,0.851295003448667
"fire",34,0.9,0.9,0.0169533545114381,0.0000519500477203529,0.851295003448667
"fire",35,0.1,0.1,0.00100383704297401,0.00000452508731283597,0.182429503863091
"fire",35,0.1,0.9,0.00100383704297401,0.00000452508731283597,0.182429503863091
"fire",35,0.9,0.1,0.0124898742700079,0.0000313701452573183,0.836044329603854
"fire",35,0.9,0.9,0.0124898742700079,0.0000313701452573183,0.836044329603854
"fire",36,0.1,0.1,0.000796832286025405,0.00000294247575072914,0.177718483415836
"fire",36,0.1,0.9,0.000796832286025405,0.00000294247575072914,0.177718483415836
"fire",36,0.9,0.1,0.00919055289361377,0.0000188986739165387,0.819905537718339
"fire",36,0.9,0.9,0.00919055289361377,0.0000188986739165387,0.819905537718339
"fire",37,0.1,0.1,0.000632487679700675,0.00000191279815764885,0.17314602615157
"fire",37,0.1,0.9,0.000632487679700675,0.00000191279815764885,0.17314602615157
"fire",37,0.9,0.1,0.00675681587609728,0.0000113612245027197,0.802888365742474
"fire",37,0.9,0.9,0.00675681587609728,0.0000113612245027197,0.802888365742474
"fire",38,0.1,0.1,0.000502021695150416,0.00000124310758013523,0.168704706548846
"fire",38,0.1,0.9,0.000502021695150416,0.00000124310758013523,0.168704706548846
"fire",38,0.9,0.1,0.00496432418120066,0.00000681682106208166,0.785010458515088
"fire",38,0.9,0.9,0.00496432418120066,0.00000681682106208166,0.785010458515088
"fire",39,0.1,0.1,0.000398456766695031,0.000000807686677712853,0.164387956759622
"fire",39,0.1,0.9,0.000398456766695031,0.000000807686677712853,0.164387956759622
"fire",39,0.9,0.1,0.00364561087640842,0.00000408296952324546,0.766297905781847
"fire",39,0.9,0.9,0.00364561087640842,0.00000408296952324546,0.766297905781847
"fire",40,0.1,0.1,0.000316250079933422,0.00000052466447948192,0.160189929454911
"fire",40,0.1,0.9,0.000316250079933422,0.00000052466447948192,0.160189929454911
"fire",40,0.9,0.1,0.002676255807692,0.00000244159860918795,0.746785627641709
"fire",40,0.9,0.9,0.002676255807692,0.00000244159860918795,0.746785627641709
"fire",41,0.1,0.1,0.000250999417006913,0.000000340748261428757,0.156105385744082
"fire",41,0.1,0.9,0.000250999417006913,0.000000340748261428757,0.156105385744082
"fire",41,0.9,0.1,0.00196414072555406,0.00000145792629118627,0.72651757793942
"fire",41,0.9,0.9,0.00196414072555406,0.00000145792629118627,0.72651757793942
"fire",42,0.1,0.1,0.000199208989672978,0.000000221261859433373,0.1521296030727
"fire",42,0.1,0.9,0.000199208989672978,0.000000221261859433373,0.1521296030727
"fire",42,0.9,0.1,0.00144123590703521,0.000000869386897270576,0.705546740516033
"fire",42,0.9,0.9,0.00144123590703521,0.000000869386897270576,0.705546740516033
"fire",43,0.1,0.1,0.000158103145662142,0.000000143650517200254,0.148258299142243
"fire",43,0.1,0.9,0.000158103145662142,0.000000143650517200254,0.148258299142243
"fire",43,0.9,0.1,0.0010573943205621,0.000000517790916858278,0.683934899578192
"fire",43,0.9,0.9,0.0010573943205621,0.000000517790916858278,0.683934899578192
"fire",44,0.1,0.1,0.000125478235935445,0.000000093248446519443,0.14448756875715
"fire",44,0.1,0.9,0.000125478235935445,0.000000093248446519443,0.14448756875715
"fire",44,0.9,0.1,0.000775701112716634,0.000000308036627499074,0.661752173620305
"fire",44,0.9,0.9,0.000775701112716634,0.000000308036627499074,0.661752173620305
"fire",45,0.1,0.1,0.0000995848729900492,0.000000060522266906578,0.140813831162595
"fire",45,0.1,0.9,0.0000995848729900492,0.000000060522266906578,0.140813831162595
"fire",45,0.9,0.1,0.000569009124881074,0.000000183060828819783,0.639076312004211
"fire",45,0.9,0.9,0.000569009124881074,0.000000183060828819783,0.639076312004211
"fire",46,0.1,0.1,0.0000790343748298778,0.0000000392764985337481,0.137233785941999
"fire",46,0.1,0.9,0.0000790343748298778,0.0000000392764985337481,0.137233785941999
"fire",46,0.9,0.1,0.000417368925207627,0.000000108684698754834,0.615991763951213
"fire",46,0.9,0.9,0.000417368925207627,0.000000108684698754834,0.615991763951213
"fire",47,0.1,0.1,0.0000627244452353845,0.000000025485823365067,0.133744375934662
"fire",47,0.1,0.9,0.0000627244452353845,0.000000025485823365067,0.133744375934662
"fire",47,0.9,0.1,0.000306128265367744,0.0000000644692718354616,0.592588540657766
"fire",47,0.9,0.9,0.000306128265367744,0.0000000644692718354616,0.592588540657766
"fire",48,0.1,0.1,0.0000497801468703027,0.0000000165354797242664,0.130342755938705
"fire",48,0.1,0.9,0.0000497801468703027,0.0000000165354797242664,0.130342755938705
"fire",48,0.9,0.1,0.000224529737595081,0.0000000382099974941622,0.568960901734134
"fire",48,0.9,0.9,0.000224529737595081,0.0000000382099974941622,0.568960901734134
"fire",49,0.1,0.1,0.0000395070278122,0.0000000107273060625185,0.127026266203527
"fire",49,0.1,0.9,0.0000395070278122,0.0000000107273060625185,0.127026266203527
"fire",49,0.9,0.1,0.000164677724845976,0.0000000226290863444141,0.545205906385203
"fire",49,0.9,0.9,0.000164677724845976,0.0000000226290863444141,0.545205906385203
"fire",50,0.1,0.1,0.0000313539038255465,0.0000000069586255625823,0.123792409904457
"fire",50,0.1,0.9,0.0000313539038255465,0.0000000069586255625823,0.123792409904457
"fire",50,0.9,0.1,0.000120778301324584,0.0000000133920275817626,0.521421876964311
"fire",50,0.9,0.9,0.000120778301324584,0.0000000133920275817626,0.521421876964311
"fire",51,0.1,0.1,0.0000248833102715382,0.00000000451354808076711,0.120638833941774
"fire",51,0.1,0.9,0.0000248833102715382,0.00000000451354808076711,0.120638833941774
"fire",51,0.9,0.1,0.0000885804521997678,0.00000000792020464534451,0.497706827137919
"fire",51,0.9,0.9,0.0000885804521997678,0.00000000792020464534451,0.497706827137919
"fire",52,0.1,0.1,0.0000197480449856009,0.00000000292736656863704,0.117563312525529
"fire",52,0.1,0.9,0.0000197480449856009,0.00000000292736656863704,0.117563312525529
"fire",52,0.9,0.1,0.000064965553148554,0.00000000468119571946264,0.474156908518293
"fire",52,0.9,0.9,0.000064965553148554,0.00000000468119571946264,0.474156908518293
"fire",53,0.1,0.1,0.0000156725477111916,0.00000000189846660943745,0.114563733103213
"fire",53,0.1,0.9,0.0000156725477111916,0.00000000189846660943745,0.114563733103213
"fire",53,0.9,0.1,0.000047645913046832,0.00000000276519281849786,0.450864928129334
"fire",53,0.9,0.9,0.000047645913046832,0.00000000276519281849786,0.450864928129334
"fire",54,0.1,0.1,0.0000124381195881128,0.00000000123111271289832,0.111638084264361
"fire",54,0.1,0.9,0.0000124381195881128,0.00000000123111271289832,0.111638084264361
"fire",54,0.9,0.1,0.0000349434806196557,0.00000000163252054715834,0.427918984616453
"fire",54,0.9,0.9,0.0000349434806196557,0.00000000163252054715834,0.427918984616453
"fire",55,0.1,0.1,0.00000987119123640539,0.000000000798295463212589,0.108784445318613
"fire",55,0.1,0.9,0.00000987119123640539,0.000000000798295463212589,0.108784445318613
"fire",55,0.9,0.1,0.0000256274384202899,0.000000000963322135768371,0.405401264097286
"fire",55,0.9,0.9,0.0000256274384202899,0.000000000963322135768371,0.405401264097286
"fire",56,0.1,0.1,0.00000783401093031152,0.000000000517609603390104,0.106000977294477
"fire",56,0.1,0.9,0.00000783401093031152,0.000000000517609603390104,0.106000977294477
"fire",56,0.9,0.1,0.0000187950357859796,0.000000000568169455256611,0.383387027581017
"fire",56,0.9,0.9,0.0000187950357859796,0.000000000568169455256611,0.383387027581017
"fire",57,0.1,0.1,0.0000062172538231654,0.000000000335595003126537,0.103285915147581
"fire",57,0.1,0.9,0.0000062172538231654,0.000000000335595003126537,0.103285915147581
"fire",57,0.9,0.1,0.0000137841605906144,0.000000000334958027505548,0.361943811696478
"fire",57,0.9,0.9,0.0000137841605906144,0.000000000334958027505548,0.361943811696478
"fire",58,0.1,0.1,0.00000493415602148244,0.000000000217572841985935,0.100637561001188
"fire",58,0.1,0.9,0.00000493415602148244,0.000000000217572841985935,0.100637561001188
"fire",58,0.9,0.1,0.0000101092028510076,0.000000000197388011716681,0.341130853846671
"fire",58,0.9,0.9,0.0000101092028510076,0.000000000197388011716681,0.341130853846671
"fire",59,0.1,0.1,0.00000391585897727767,0.000000000141049432396838,0.0980542782698822
"fire",59,0.1,0.9,0.00000391585897727767,0.000000000141049432396838,0.0980542782698822
"fire",59,0.9,0.1,0.0000074140083816573,0.000000000116273255509292,0.320998742600771
"fire",59,0.9,0.9,0.0000074140083816573,0.000000000116273255509292,0.320998742600771
"fire",60,0.1,0.1,0.00000310771451909305,0.0000000000914359057512048,0.0955344865404726
"fire",60,0.1,0.9,0.00000310771451909305,0.0000000000914359057512048,0.0955344865404726
"fire",60,0.9,0.1,0.0000054373704431057,0.0000000000684664095281852,0.301589284791928
"fire",60,0.9,0.9,0.0000054373704431057,0.0000000000684664095281852,0.301589284791928
"fire",61,0.1,0.1,0.00000246635233225921,0.0000000000592709900389242,0.0930766571035155
"fire",61,0.1,0.9,0.00000246635233225921,0.0000000000592709900389242,0.0930766571035155
"fire",61,0.9,0.1,0.00000398771895486152,0.0000000000403016821239391,0.282935572906274
"fire",61,0.9,0.9,0.00000398771895486152,0.0000000000403016821239391,0.282935572906274
"fire",62,0.1,0.1,0.0000019573525767306,0.0000000000384192334049893,0.0906793090448689
"fire",62,0.1,0.9,0.0000019573525767306,0.0000000000384192334049893,0.0906793090448689
"fire",62,0.9,0.1,0.00000292455636109305,0.0000000000237151158336491,0.265062230243401
"fire",62,0.9,0.9,0.00000292455636109305,0.0000000000237151158336491,0.265062230243401
"fire",63,0.1,0.1,0.00000155339878129567,0.000000000024902179009807,0.0883410058201637
"fire",63,0.1,0.9,0.00000155339878129567,0.000000000024902179009807,0.0883410058201637
"fire",63,0.9,0.1,0.00000214484209686503,0.0000000000139505626668701,0.247985807138358
"fire",63,0.9,0.9,0.00000214484209686503,0.0000000000139505626668701,0.247985807138358
"fire",64,0.1,0.1,0.00000123281191199208,0.0000000000161402074932667,0.0860603522463509
"fire",64,0.1,0.9,0.00000123281191199208,0.0000000000161402074932667,0.0860603522463509
"fire",64,0.9,0.1,0.00000157300667047017,0.00000000000820408158185017,0.231715299232868
"fire",64,0.9,0.9,0.00000157300667047017,0.00000000000820408158185017,0.231715299232868
"fire",65,0.1,0.1,0.000000978386959031282,0.0000000000104607995457138,0.0838359918539724
"fire",65,0.1,0.9,0.000000978386959031282,0.0000000000104607995457138,0.0838359918539724
"fire",65,0.9,0.1,0.0000011536278646004,0.00000000000482332856295539,0.216252758208892
"fire",65,0.9,0.9,0.0000011536278646004,0.00000000000482332856295539,0.216252758208892
"fire",66,0.1,0.1,0.000000776469615541883,0.00000000000677962206553614,0.081666604551831
"fire",66,0.1,0.9,0.000000776469615541883,0.00000000000677962206553614,0.081666604551831
"fire",66,0.9,0.1,0.000000846059413581964,0.00000000000283497177615031,0.201593966295539
"fire",66,0.9,0.9,0.000000846059413581964,0.00000000000283497177615031,0.201593966295539
"fire",67,0.1,0.1,0.000000616223502542257,0.00000000000439371319547203,0.0795509045625175
"fire",67,0.1,0.9,0.000000616223502542257,0.00000000000439371319547203,0.0795509045625175
"fire",67,0.9,0.1,0.000000620491663367586,0.00000000000166587189358389,0.187729147920538
"fire",67,0.9,0.9,0.000000620491663367586,0.00000000000166587189358389,0.187729147920538
"fire",68,0.1,0.1,0.000000489048618164202,0.00000000000284737236158258,0.0774876385930325
"fire",68,0.1,0.9,0.000000489048618164202,0.00000000000284737236158258,0.0774876385930325
"fire",68,0.9,0.1,0.000000455062463668704,0.000000000000978658078331677,0.174643694771417
"fire",68,0.9,0.9,0.000000455062463668704,0.000000000000978658078331677,0.174643694771417
"fire",69,0.1,0.1,0.000000388119803390126,0.00000000000184520169195215,0.0754755842096398
"fire",69,0.1,0.9,0.000000388119803390126,0.00000000000184520169195215,0.0754755842096398
"fire",69,0.9,0.1,0.000000333738306140935,0.000000000000574807044446002,0.162318883942312
"fire",69,0.9,0.9,0.000000333738306140935,0.000000000000574807044446002,0.162318883942312
"fire",70,0.1,0.1,0.000000308020456557801,0.00000000000119572435403853,0.0735135483902876
"fire",70,0.1,0.9,0.000000308020456557801,0.00000000000119572435403853,0.0735135483902876
"fire",70,0.9,0.1,0.000000244760362094255,0.000000000000337535723074423,0.150732572486863
"fire",70,0.9,0.9,0.000000244760362094255,0.000000000000337535723074423,0.150732572486863
"fire",71,0.1,0.1,0.000000244451840027159,0.000000000000774830219192763,0.0716003662315258
"fire",71,0.1,0.9,0.000000244451840027159,0.000000000000774830219192763,0.0716003662315258
"fire",71,0.9,0.1,0.00000017950481658542,0.000000000000198165711766131,0.139859855339959
"fire",71,0.9,0.9,0.00000017950481658542,0.000000000000198165711766131,0.139859855339959
"fire",72,0.1,0.1,0.000000194002378856589,0.00000000000050207757720277,0.0697348997899191
"fire",72,0.1,0.9,0.000000194002378856589,0.00000000000050207757720277,0.0697348997899191
"fire",72,0.9,0.1,0.000000131647045874062,0.00000000000011631953130655,0.12967367702882
"fire",72,0.9,0.9,0.000000131647045874062,0.00000000000011631953130655,0.12967367702882
"fire",73,0.1,0.1,0.000000153964570714506,0.000000000000325330232693783,0.0679160370406048
"fire",73,0.1,0.9,0.000000153964570714506,0.000000000000325330232693783,0.0679160370406048
"fire",73,0.9,0.1,0.0000000965486319303775,0.0000000000000682646914859489,0.120145390737625
"fire",73,0.9,0.9,0.0000000965486319303775,0.0000000000000682646914859489,0.120145390737625
"fire",74,0.1,0.1,0.000000122189681276807,0.000000000000210798653594786,0.0661426909379264
"fire",74,0.1,0.9,0.000000122189681276807,0.000000000000210798653594786,0.0661426909379264
"fire",74,0.9,0.1,0.0000000708078041440966,0.0000000000000400555523138119,0.111245261039444
"fire",74,0.9,0.9,0.0000000708078041440966,0.0000000000000400555523138119,0.111245261039444
"fire",75,0.1,0.1,0.0000000969724271196462,0.000000000000136584530061246,0.0644137985650369
"fire",75,0.1,0.9,0.0000000969724271196462,0.000000000000136584530061246,0.0644137985650369
"fire",75,0.9,0.1,0.000000051929737304989,0.0000000000000234993550882649,0.102942908925875
"fire",75,0.9,0.9,0.000000051929737304989,0.0000000000000234993550882649,0.102942908925875
"fire",76,0.1,0.1,0.0000000769594574130434,0.0000000000000884964596724335,0.0627283203610713
"fire",76,0.1,0.9,0.0000000769594574130434,0.0000000000000884964596724335,0.0627283203610713
"fire",76,0.9,0.1,0.0000000380847511879424,0.0000000000000137841218136388,0.0952076996433537
"fire",76,0.9,0.9,0.0000000380847511879424,0.0000000000000137841218136388,0.0952076996433537
"fire",77,0.1,0.1,0.0000000610767229074308,0.0000000000000573378485091776,0.0610852394159573
"fire",77,0.1,0.9,0.0000000610767229074308,0.0000000000000573378485091776,0.0610852394159573
"fire",77,0.9,0.1,0.0000000279309764109709,0.00000000000000808416779222145,0.0880090753049816
"fire",77,0.9,0.9,0.0000000279309764109709,0.00000000000000808416779222145,0.0880090753049816
"well",1,0.1,0.1,0.014556216046996,0.000882357050588966,0.198115100813281
"well",1,0.1,0.9,0.014556216046996,0.000882357050588966,0.198115100813281
"well",1,0.9,0.1,0.731292182995852,0.348362670682626,0.932681018934066
"well",1,0.9,0.9,0.731292182995852,0.348362670682626,0.932681018934066
"well",2,0.1,0.1,0.015029989147446,0.000949447706036814,0.196795027766795
"well",2,0.1,0.9,0.015029989147446,0.000949447706036814,0.196795027766795
"well",2,0.9,0.1,0.722073255485054,0.346673587260245,0.927117466233771
"well",2,0.9,0.9,0.722073255485054,0.346673587260245,0.927117466233771
"well",3,0.1,0.1,0.0155189396882418,0.00102154173564131,0.195495891439501
"well",3,0.1,0.9,0.0155189396882418,0.00102154173564131,0.195495891439501
"well",3,0.9,0.1,0.712662316125179,0.34417638926275,0.921393784433244
"well",3,0.9,0.9,0.712662316125179,0.34417638926275,0.921393784433244
"well",4,0.1,0.1,0.0160235378375872,0.00109899978863909,0.194218116812225
"well",4,0.1,0.9,0.0160235378375872,0.00109899978863909,0.194218116812225
"well",4,0.9,0.1,0.703063754979942,0.340823185337091,0.915559501694264
"well",4,0.9,0.9,0.703063754979942,0.340823185337091,0.915559501694264
"well",5,0.1,0.1,0.0165442672693423,0.00118220684442296,0.192962156255172
"well",5,0.1,0.9,0.0165442672693423,0.00118220684442296,0.192962156255172
"well",5,0.9,0.1,0.693282550871647,0.336572075287174,0.909671395743237
"well",5,0.9,0.9,0.693282550871647,0.336572075287174,0.909671395743237
"well",6,0.1,0.1,0.0170816254804498,0.00127157361900315,0.191728491724873
"well",6,0.1,0.9,0.0170816254804498,0.00127157361900315,0.191728491724873
"well",6,0.9,0.1,0.683324274562618,0.331389731151936,0.90379216800694
"well",6,0.9,0.9,0.683324274562618,0.331389731151936,0.90379216800694
"well",7,0.1,0.1,0.0176361241109397,0.00136753801691439,0.190517637155138
"well",7,0.1,0.9,0.0176361241109397,0.00136753801691439,0.190517637155138
"well",7,0.9,0.1,0.673195088411633,0.325254161907959,0.897988592420204
"well",7,0.9,0.9,0.673195088411633,0.325254161907959,0.897988592420204
"well",8,0.1,0.1,0.0182082892661353,0.00147056662363329,0.189330141061422
"well",8,0.1,0.9,0.0182082892661353,0.00147056662363329,0.189330141061422
"well",8,0.9,0.1,0.662901742321863,0.318157476059614,0.892329220067749
"well",8,0.9,0.9,0.662901742321863,0.318157476059614,0.892329220067749
"well",9,0.1,0.1,0.0187986618406511,0.00158115623206966,0.188166589380062
"well",9,0.1,0.9,0.0187986618406511,0.00158115623206966,0.188166589380062
"well",9,0.9,0.1,0.65245156582957,0.310108400771873,0.886881788777161
"well",9,0.9,0.9,0.65245156582957,0.310108400771873,0.886881788777161
"well",10,0.1,0.1,0.0194077978437345,0.00169983539493637,0.187027608566235
"well",10,0.1,0.9,0.0194077978437345,0.00169983539493637,0.187027608566235
"well",10,0.9,0.1,0.641852456219979,0.301134283206762,0.881710543055364
"well",10,0.9,0.9,0.641852456219979,0.301134283206762,0.881710543055364
"well",11,0.1,0.1,0.020036268725458,0.00182716599274741,0.185913868976999
"well",11,0.1,0.9,0.020036268725458,0.00182716599274741,0.185913868976999
"well",11,0.9,0.1,0.631112862597917,0.291282303150793,0.87687370012388
"well",11,0.9,0.9,0.631112862597917,0.291282303150793,0.87687370012388
"well",12,0.1,0.1,0.0206846617032322,0.00196374480480353,0.184826088568703
"well",12,0.1,0.9,0.0206846617032322,0.00196374480480353,0.184826088568703
"well",12,0.9,0.1,0.620241765885476,0.280619674003612,0.87242129210053
"well",12,0.9,0.9,0.620241765885476,0.280619674003612,0.87242129210053
"well",13,0.1,0.1,0.0213535800880576,0.00211020506775432,0.183765036941219
"well",13,0.1,0.9,0.0213535800880576,0.00211020506775432,0.183765036941219
"well",13,0.9,0.1,0.609248654766485,0.269232700087488,0.868393570625253
"well",13,0.9,0.9,0.609248654766485,0.269232700087488,0.868393570625253
"well",14,0.1,0.1,0.0220436436098896,0.00226721800312563,0.182731539764967
"well",14,0.1,0.9,0.0220436436098896,0.00226721800312563,0.182731539764967
"well",14,0.9,0.1,0.598143497647178,0.257224679257471,0.864820086308556
"well",14,0.9,0.9,0.598143497647178,0.257224679257471,0.864820086308556
"well",15,0.1,0.1,0.0227554887414382,0.00243549429151958,0.181726483630595
"well",15,0.1,0.9,0.0227554887414382,0.00243549429151958,0.181726483630595
"well",15,0.9,0.1,0.586936710753323,0.244712769623291,0.861719467072786
"well",15,0.9,0.9,0.586936710753323,0.244712769623291,0.861719467072786
"well",16,0.1,0.1,0.0234897690196716,0.00261578546697305,0.180750821365505
"well",16,0.1,0.9,0.0234897690196716,0.00261578546697305,0.180750821365505
"well",16,0.9,0.1,0.575639122535252,0.23182405379934,0.859099835488237
"well",16,0.9,0.9,0.575639122535252,0.23182405379934,0.859099835488237
"well",17,0.1,0.1,0.0242471553642347,0.00280888520013961,0.179805577866109
"well",17,0.1,0.9,0.0242471553642347,0.00280888520013961,0.179805577866109
"well",17,0.9,0.1,0.564261934602741,0.218691113492168,0.856959741417607
"well",17,0.9,0.9,0.564261934602741,0.218691113492168,0.856959741417607
"well",18,0.1,0.1,0.0250283363919377,0.00301563043347596,0.178891856499923
"well",18,0.1,0.9,0.0250283363919377,0.00301563043347596,0.178891856499923
"well",18,0.9,0.1,0.552816679460556,0.20544746048401,0.855289451394758
"well",18,0.9,0.9,0.552816679460556,0.20544746048401,0.855289451394758
"well",19,0.1,0.1,0.0258340187264052,0.00323690232540335,0.178010846137266
"well",19,0.1,0.9,0.0258340187264052,0.00323690232540335,0.178010846137266
"well",19,0.9,0.1,0.541315175361576,0.19222315687688,0.854072430634307
"well",19,0.9,0.9,0.541315175361576,0.19222315687688,0.854072430634307
"well",20,0.1,0.1,0.0266649273019132,0.00347362695341367,0.177163828878511
"well",20,0.1,0.9,0.0266649273019132,0.00347362695341367,0.177163828878511
"well",20,0.9,0.1,0.529769478636898,0.179140906371266,0.853286871356526
"well",20,0.9,0.9,0.529769478636898,0.179140906371266,0.853286871356526
"well",21,0.1,0.1,0.0275218056603733,0.00372677571824001,0.176352188549525
"well",21,0.1,0.9,0.0275218056603733,0.00372677571824001,0.176352188549525
"well",21,0.9,0.1,0.518191833900101,0.166312822985206,0.852907152980025
"well",21,0.9,0.9,0.518191833900101,0.166312822985206,0.852907152980025
"well",22,0.1,0.1,0.0284054162403528,0.00399736538246184,0.175577420045117
"well",22,0.1,0.9,0.0284054162403528,0.00399736538246184,0.175577420045117
"well",22,0.9,0.1,0.506594622555179,0.153837998632937,0.852905156476806
"well",22,0.9,0.9,0.506594622555179,0.153837998632937,0.852905156476806
"well",23,0.1,0.1,0.0293165406569457,0.00428645766722886,0.174841139607932
"well",23,0.1,0.9,0.0293165406569457,0.00428645766722886,0.174841139607932
"well",23,0.9,0.1,0.494990310063755,0.141800909020918,0.853251389740444
"well",23,0.9,0.9,0.494990310063755,0.141800909020918,0.853251389740444
"well",24,0.1,0.1,0.0302559799712326,0.00459515832014867,0.174145096138308
"well",24,0.1,0.9,0.0302559799712326,0.00459515832014867,0.174145096138308
"well",24,0.9,0.1,0.483391392446423,0.130270627385961,0.853915909030958
"well",24,0.9,0.9,0.483391392446423,0.130270627385961,0.853915909030958
"well",25,0.1,0.1,0.0312245549479894,0.00492461555580997,0.17349118363895
"well",25,0.1,0.9,0.0312245549479894,0.00492461555580997,0.17349118363895
"well",25,0.9,0.1,0.471810342504995,0.119300762704354,0.854869041903896
"well",25,0.9,0.9,0.471810342504995,0.119300762704354,0.854869041903896
"well",26,0.1,0.1,0.0322231063002203,0.00527601775796428,0.172881454906726
"well",26,0.1,0.9,0.0322231063002203,0.00527601775796428,0.172881454906726
"well",26,0.9,0.1,0.46025955625684,0.108930004642224,0.856081929833981
"well",26,0.9,0.9,0.46025955625684,0.108930004642224,0.856081929833981
"well",27,0.1,0.1,0.0332524949190074,0.00565059031918779,0.172318136592334
"well",27,0.1,0.9,0.0332524949190074,0.00565059031918779,0.172318136592334
"well",27,0.9,0.1,0.448751300069136,0.0991831405722488,0.857526915338516
"well",27,0.9,0.9,0.448751300069136,0.0991831405722488,0.857526915338516
"well",28,0.1,0.1,0.0343136020870783,0.00604959148009636,0.171803645756529
"well",28,0.1,0.9,0.0343136020870783,0.00604959148009636,0.171803645756529
"well",28,0.9,0.1,0.437297658969964,0.0900724076679435,0.859177800457524
"well",28,0.9,0.9,0.437297658969964,0.0900724076679435,0.859177800457524
"well",29,0.1,0.1,0.0354073296744048,0.00647430701620395,0.171340608058708
"well",29,0.1,0.9,0.0354073296744048,0.00647430701620395,0.171340608058708
"well",29,0.9,0.1,0.425910486594886,0.081599051825038,0.861010002529881
"well",29,0.9,0.9,0.425910486594886,0.081599051825038,0.861010002529881
"well",30,0.1,0.1,0.0365346003140514,0.0069260436067497,0.170931877719332
"well",30,0.1,0.9,0.0365346003140514,0.0069260436067497,0.170931877719332
"well",30,0.9,0.1,0.414601357202464,0.0737549812454329,0.863000630594844
"well",30,0.9,0.9,0.414601357202464,0.0737549812454329,0.863000630594844
"well",31,0.1,0.1,0.0376963575563954,0.00740612070690961,0.17058055940101
"well",31,0.1,0.9,0.0376963575563954,0.00740612070690961,0.17058055940101
"well",31,0.9,0.1,0.403381520160675,0.0665244225859906,0.865128502375465
"well",31,0.9,0.9,0.403381520160675,0.0665244225859906,0.865128502375465
"well",32,0.1,0.1,0.0388935659997439,0.00791586073360641,0.170290032153219
"well",32,0.1,0.9,0.0388935659997439,0.00791586073360641,0.170290032153219
"well",32,0.9,0.1,0.39226185726905,0.0598855088596231,0.8673741182768
"well",32,0.9,0.9,0.39226185726905,0.0598855088596231,0.8673741182768
"well",33,0.1,0.1,0.0401272113952721,0.00845657736677476,0.170063975561131
"well",33,0.1,0.9,0.0401272113952721,0.00845657736677476,0.170063975561131
"well",33,0.9,0.1,0.38125284323952,0.0538117487289762,0.869719605519523
"well",33,0.9,0.9,0.38125284323952,0.0538117487289762,0.869719605519523
"well",34,0.1,0.1,0.041398300724105,0.00902956176389369,0.16990639822825
"well",34,0.1,0.9,0.041398300724105,0.00902956176389369,0.16990639822825
"well",34,0.9,0.1,0.370364509613241,0.0482733451018412,0.872148642611692
"well",34,0.9,0.9,0.370364509613241,0.0482733451018412,0.872148642611692
"well",35,0.1,0.1,0.0427078622442627,0.00963606648771483,0.169821668703539
"well",35,0.1,0.9,0.0427078622442627,0.00963606648771483,0.169821668703539
"well",35,0.9,0.1,0.359606412342159,0.0432383462815727,0.874646371903751
"well",35,0.9,0.9,0.359606412342159,0.0432383462815727,0.874646371903751
"well",36,0.1,0.1,0.0440569455050827,0.0102772869577032,0.16981454893381
"well",36,0.1,0.9,0.0440569455050827,0.0102772869577032,0.16981454893381
"well",36,0.9,0.1,0.348987603213707,0.0386736250884564,0.87719930596956
"well",36,0.9,0.9,0.348987603213707,0.0386736250884564,0.87719930596956
"well",37,0.1,0.1,0.0454466213266301,0.0109543402575466,0.169890230278468
"well",37,0.1,0.9,0.0454466213266301,0.0109543402575466,0.169890230278468
"well",37,0.9,0.1,0.3385166052459,0.0345456904398742,0.879795231967473
"well",37,0.9,0.9,0.3385166052459,0.0345456904398742,0.879795231967473
"well",38,0.1,0.1,0.0468779817414996,0.0116682411674729,0.170054372062719
"well",38,0.1,0.9,0.0468779817414996,0.0116682411674729,0.170054372062719
"well",38,0.9,0.1,0.328201392129096,0.0308213421704742,0.882423116901949
"well",38,0.9,0.9,0.328201392129096,0.0308213421704742,0.882423116901949
"well",39,0.1,0.1,0.0483521398963082,0.0124198753448027,0.170313142563106
"well",39,0.1,0.9,0.0483521398963082,0.0124198753448027,0.170313142563106
"well",39,0.9,0.1,0.318049371740901,0.0274681838177639,0.885073015766741
"well",39,0.9,0.9,0.318049371740901,0.0274681838177639,0.885073015766741
"well",40,0.1,0.1,0.0498702299100748,0.0132099696532802,0.170673262211508
"well",40,0.1,0.9,0.0498702299100748,0.0132099696532802,0.170673262211508
"well",40,0.9,0.1,0.30806737371279,0.0244550101613565,0.887735983847797
"well",40,0.9,0.9,0.30806737371279,0.0244550101613565,0.887735983847797
"well",41,0.1,0.1,0.0514334066865776,0.0140390597455769,0.171142048666002
"well",41,0.1,0.9,0.0514334066865776,0.0140390597455769,0.171142048666002
"well",41,0.9,0.1,0.298261640981963,0.0217520869378135,0.890403993947357
"well",41,0.9,0.9,0.298261640981963,0.0217520869378135,0.890403993947357
"well",42,0.1,0.1,0.0530428456776817,0.0149074551380296,0.171727463225126
"well",42,0.1,0.9,0.0530428456776817,0.0149074551380296,0.171727463225126
"well",42,0.9,0.1,0.288637825220239,0.0193313397619899,0.893069858917962
"well",42,0.9,0.9,0.288637825220239,0.0193313397619899,0.893069858917962
"well",43,0.1,0.1,0.0546997425945306,0.0158152021855362,0.172438157852846
"well",43,0.1,0.9,0.0546997425945306,0.0158152021855362,0.172438157852846
"well",43,0.9,0.1,0.279200985994072,0.0171664682104311,0.895727159632006
"well",43,0.9,0.9,0.279200985994072,0.0171664682104311,0.895727159632006
"well",44,0.1,0.1,0.0564053130634027,0.0167620455694299,0.173283521832853
"well",44,0.1,0.9,0.0564053130634027,0.0167620455694299,0.173283521832853
"well",44,0.9,0.1,0.269955593476389,0.0152329995351545,0.898370178331456
"well",44,0.9,0.9,0.269955593476389,0.0152329995351545,0.898370178331456
"well",45,0.1,0.1,0.0581607922229411,0.0177473891513814,0.174273726783959
"well",45,0.1,0.9,0.0581607922229411,0.0177473891513814,0.174273726783959
"well",45,0.9,0.1,0.260905534502247,0.0135082947849133,0.900993837182446
"well",45,0.9,0.9,0.260905534502247,0.0135082947849133,0.900993837182446
"well",46,0.1,0.1,0.0599674342593881,0.0187702573173982,0.175419768448017
"well",46,0.1,0.9,0.0599674342593881,0.0187702573173982,0.175419768448017
"well",46,0.9,0.1,0.252054121736434,0.0119715183668144,0.903593641783859
"well",46,0.9,0.9,0.252054121736434,0.0119715183668144,0.903593641783859
"well",47,0.1,0.1,0.0618265118763715,0.0198292582279686,0.176733503318241
"well",47,0.1,0.9,0.0618265118763715,0.0198292582279686,0.176733503318241
"well",47,0.9,0.1,0.24340410570211,0.0106035803875817,0.906165629335564
"well",47,0.9,0.9,0.24340410570211,0.0106035803875817,0.906165629335564
"well",48,0.1,0.1,0.0637393156957258,0.0209225506866628,0.178227677826832
"well",48,0.1,0.9,0.0637393156957258,0.0209225506866628,0.178227677826832
"well",48,0.9,0.1,0.234957689405436,0.00938705953689038,0.908706321151123
"well",48,0.9,0.9,0.234957689405436,0.00938705953689038,0.908706321151123
"well",49,0.1,0.1,0.0657071535857711,0.0220478166154809,0.179915947481478
"well",49,0.1,0.9,0.0657071535857711,0.0220478166154809,0.179915947481478
"well",49,0.9,0.1,0.226716545281623,0.00830611285248575,0.91121267919463
"well",49,0.9,0.9,0.226716545281623,0.00830611285248575,0.91121267919463
"well",50,0.1,0.1,0.0677313499134228,0.0232022413476993,0.181812883065601
"well",50,0.1,0.9,0.0677313499134228,0.0232022413476993,0.181812883065601
"well",50,0.9,0.1,0.218681834182779,0.0073463774548514,0.913682066326795
"well",50,0.9,0.9,0.218681834182779,0.0073463774548514,0.913682066326795
"well",51,0.1,0.1,0.0698132447164658,0.0243825040770165,0.183933960839452
"well",51,0.1,0.9,0.0698132447164658,0.0243825040770165,0.183933960839452
"well",51,0.9,0.1,0.210854226127001,0.00649486826009734,0.916112209957656
"well",51,0.9,0.9,0.210854226127001,0.00649486826009734,0.916112209957656
"well",52,0.1,0.1,0.0719541927923103,0.0255847807893117,0.186295533646467
"well",52,0.1,0.9,0.0719541927923103,0.0255847807893117,0.186295533646467
"well",52,0.9,0.1,0.203233922531069,0.00573987476614051,0.918501168819737
"well",52,0.9,0.9,0.203233922531069,0.00573987476614051,0.918501168819737
"well",53,0.1,0.1,0.074155562699525,0.0268047618039546,0.188914779990649
"well",53,0.1,0.9,0.074155562699525,0.0268047618039546,0.188914779990649
"well",53,0.9,0.1,0.195820679655289,0.00507085924602686,0.920847302594198
"well",53,0.9,0.9,0.195820679655289,0.00507085924602686,0.920847302594198
"well",54,0.1,0.1,0.076418735668468,0.0280376856264466,0.191809628547766
"well",54,0.1,0.9,0.076418735668468,0.0280376856264466,0.191809628547766
"well",54,0.9,0.1,0.188613832998311,0.00447835805733405,0.923149244142151
"well",54,0.9,0.9,0.188613832998311,0.00447835805733405,0.923149244142151
"well",55,0.1,0.1,0.078745104417344,0.0292783901412297,0.194998656231231
"well",55,0.1,0.9,0.078745104417344,0.0292783901412297,0.194998656231231
"well",55,0.9,0.1,0.181612322391475,0.00395388727086649,0.925405874113031
"well",55,0.9,0.9,0.181612322391475,0.00395388727086649,0.925405874113031
"well",56,0.1,0.1,0.0811360718700799,0.0305213812583131,0.198500958851194
"well",56,0.1,0.9,0.0811360718700799,0.0305213812583131,0.198500958851194
"well",56,0.9,0.1,0.174814717556053,0.0034898534183939,0.927616297721056
"well",56,0.9,0.9,0.174814717556053,0.0034898534183939,0.927616297721056
"well",57,0.1,0.1,0.0835930497724634,0.0317609180119341,0.202335994544403
"well",57,0.1,0.9,0.0835930497724634,0.0317609180119341,0.202335994544403
"well",57,0.9,0.1,0.168219243902314,0.00307946984210292,0.929779823499008
"well",57,0.9,0.9,0.168219243902314,0.00307946984210292,0.929779823499008
"well",58,0.1,0.1,0.0861174572030997,0.0329911118765651,0.206523401435251
"well",58,0.1,0.9,0.0861174572030997,0.0329911118765651,0.206523401435251
"well",58,0.9,0.1,0.161823808366034,0.00271667888327421,0.931895943855672
"well",58,0.9,0.9,0.161823808366034,0.00271667888327421,0.931895943855672
"well",59,0.1,0.1,0.088710718975839,0.0342060368360311,0.211082792298619
"well",59,0.1,0.9,0.088710718975839,0.0342060368360311,0.211082792298619
"well",59,0.9,0.1,0.155626025095708,0.00239607996168654,0.93396431727911
"well",59,0.9,0.9,0.155626025095708,0.00239607996168654,0.93396431727911
"cc",1,0.1,0.1,0.348996710663577,0.10949511669494,0.700358217169971
"cc",1,0.1,0.9,0.348996710663577,0.10949511669494,0.700358217169971
"cc",1,0.9,0.1,0.989977108941634,0.746578140155525,0.999698118996253
"cc",1,0.9,0.9,0.989977108941634,0.746578140155525,0.999698118996253
"cc",2,0.1,0.1,0.339842848638342,0.110277273172263,0.681336969122746
"cc",2,0.1,0.9,0.339842848638342,0.110277273172263,0.681336969122746
"cc",2,0.9,0.1,0.988719533734069,0.738219149687648,0.999633059273453
"cc",2,0.9,0.9,0.988719533734069,0.738219149687648,0.999633059273453
"cc",3,0.1,0.1,0.33080707859075,0.110948768551471,0.661953589499409
"cc",3,0.1,0.9,0.33080707859075,0.110948768551471,0.661953589499409
"cc",3,0.9,0.1,0.987306193393654,0.729268173444271,0.999554923522619
"cc",3,0.9,0.9,0.987306193393654,0.729268173444271,0.999554923522619
"cc",4,0.1,0.1,0.321894408822353,0.111495388816212,0.642308471548291
"cc",4,0.1,0.9,0.321894408822353,0.111495388816212,0.642308471548291
"cc",4,0.9,0.1,0.98571833213214,0.719673458530524,0.999461371323165
"cc",4,0.9,0.9,0.98571833213214,0.719673458530524,0.999461371323165
"cc",5,0.1,0.1,0.313109512685114,0.11190164299957,0.62251067267211
"cc",5,0.1,0.9,0.313109512685114,0.11190164299957,0.62251067267211
"cc",5,0.9,0.1,0.983935078097329,0.709379522922904,0.999349729151253
"cc",5,0.9,0.9,0.983935078097329,0.709379522922904,0.999349729151253
"cc",6,0.1,0.1,0.304456723652506,0.112150774650446,0.60267636928348
"cc",6,0.1,0.9,0.304456723652506,0.112150774650446,0.60267636928348
"cc",6,0.9,0.1,0.981933242424691,0.698327343266646,0.999216968184799
"cc",6,0.9,0.9,0.981933242424691,0.698327343266646,0.999216968184799
"cc",7,0.1,0.1,0.295940032132916,0.11222483418461,0.582927030501959
"cc",7,0.1,0.9,0.295940032132916,0.11222483418461,0.582927030501959
"cc",7,0.9,0.1,0.9796871095028,0.686454740980217,0.999059688444129
"cc",7,0.9,0.9,0.9796871095028,0.686454740980217,0.999059688444129
"cc",8,0.1,0.1,0.287563083974959,0.11210483579322,0.563387351096309
"cc",8,0.1,0.9,0.287563083974959,0.11210483579322,0.563387351096309
"cc",8,0.9,0.1,0.977168221229227,0.673697029458022,0.998874112004825
"cc",8,0.9,0.9,0.977168221229227,0.673697029458022,0.998874112004825
"cc",9,0.1,0.1,0.279329180602242,0.111771026751617,0.544182990133357
"cc",9,0.1,0.9,0.279329180602242,0.111771026751617,0.544182990133357
"cc",9,0.9,0.1,0.974345159191342,0.659987995713382,0.998656088331143
"cc",9,0.9,0.9,0.974345159191342,0.659987995713382,0.998656088331143
"cc",10,0.1,0.1,0.271241280704381,0.1112032994894,0.525438164613382
"cc",10,0.1,0.9,0.271241280704381,0.1112032994894,0.525438164613382
"cc",10,0.9,0.1,0.971183330135923,0.645261298464623,0.998401114932624
"cc",10,0.9,0.9,0.971183330135923,0.645261298464623,0.998401114932624
"cc",11,0.1,0.1,0.263302003401731,0.110381775795739,0.507273148270861
"cc",11,0.1,0.9,0.263302003401731,0.110381775795739,0.507273148270861
"cc",11,0.9,0.1,0.967644761827633,0.629452368960303,0.998104376459243
"cc",11,0.9,0.9,0.967644761827633,0.629452368960303,0.998104376459243
"cc",12,0.1,0.1,0.255513632793395,0.109287585578995,0.489801727186342
"cc",12,0.1,0.9,0.255513632793395,0.109287585578995,0.489801727186342
"cc",12,0.9,0.1,0.963687918468838,0.612500897269801,0.997760804933848
"cc",12,0.9,0.9,0.963687918468838,0.612500897269801,0.997760804933848
"cc",13,0.1,0.1,0.247878123791613,0.107903846947999,0.473128669198124
"cc",13,0.1,0.9,0.247878123791613,0.107903846947999,0.473128669198124
"cc",13,0.9,0.1,0.95926754727968,0.59435397079395,0.997365162997881
"cc",13,0.9,0.9,0.95926754727968,0.59435397079395,0.997365162997881
"cc",14,0.1,0.1,0.24039710914063,0.106216827884778,0.457347276518473
"cc",14,0.1,0.9,0.24039710914063,0.106216827884778,0.457347276518473
"cc",14,0.9,0.1,0.954334570615569,0.574969898045726,0.996912150770352
"cc",14,0.9,0.9,0.954334570615569,0.574969898045726,0.996912150770352
"cc",15,0.1,0.1,0.233071907514481,0.104217232299678,0.442537111952978
"cc",15,0.1,0.9,0.233071907514481,0.104217232299678,0.442537111952978
"cc",15,0.9,0.1,0.948836041095971,0.554322693895325,0.996396535196639
"cc",15,0.9,0.9,0.948836041095971,0.554322693895325,0.996396535196639
"cc",16,0.1,0.1,0.225903532585877,0.101901508458067,0.428762016541803
"cc",16,0.1,0.9,0.225903532585877,0.101901508458067,0.428762016541803
"cc",16,0.9,0.1,0.942715180554701,0.532407118316463,0.99581329867325
"cc",16,0.9,0.9,0.942715180554701,0.532407118316463,0.99581329867325
"cc",17,0.1,0.1,0.218892702957351,0.0992730344344565,0.416068562954037
"cc",17,0.1,0.9,0.218892702957351,0.0992730344344565,0.416068562954037
"cc",17,0.9,0.1,0.93591152705678,0.509244048428561,0.995157801446383
"cc",17,0.9,0.9,0.93591152705678,0.509244048428561,0.995157801446383
"cc",18,0.1,0.1,0.212039852845957,0.0963430069098084,0.404485102293204
"cc",18,0.1,0.9,0.212039852845957,0.0963430069098084,0.404485102293204
"cc",18,0.9,0.1,0.928361217536687,0.484885828617047,0.994425950052785
"cc",18,0.9,0.9,0.928361217536687,0.484885828617047,0.994425950052785
"cc",19,0.1,0.1,0.205345143414143,0.0931308612017957,0.394021548116601
"cc",19,0.1,0.9,0.205345143414143,0.0931308612017957,0.394021548116601
"cc",19,0.9,0.1,0.91999743647184,0.459421099961097,0.993614362222856
"cc",19,0.9,0.9,0.91999743647184,0.459421099961097,0.993614362222856
"cc",20,0.1,0.1,0.198808474641559,0.0896640920239522,0.384669990860792
"cc",20,0.1,0.9,0.198808474641559,0.0896640920239522,0.384669990860792
"cc",20,0.9,0.1,0.910751062966445,0.43297848307039,0.992720517537897
"cc",20,0.9,0.9,0.910751062966445,0.43297848307039,0.992720517537897
"cc",21,0.1,0.1,0.192429497635757,0.0859774247225134,0.376406150055493
"cc",21,0.1,0.9,0.192429497635757,0.0859774247225134,0.376406150055493
"cc",21,0.9,0.1,0.900551549105565,0.405728412662383,0.991742883017648
"cc",21,0.9,0.9,0.900551549105565,0.405728412662383,0.991742883017648
"cc",22,0.1,0.1,0.186207627283559,0.0821113896667132,0.369191566511301
"cc",22,0.1,0.9,0.186207627283559,0.0821113896667132,0.369191566511301
"cc",22,0.9,0.1,0.889328060737789,0.377882437682919,0.99068100388261
"cc",22,0.9,0.9,0.889328060737789,0.377882437682919,0.99068100388261
"cc",23,0.1,0.1,0.180142055149382,0.0781104513401556,0.362976338403146
"cc",23,0.1,0.9,0.180142055149382,0.0781104513401556,0.362976338403146
"cc",23,0.9,0.1,0.877010907141879,0.349689442237354,0.98953555198164
"cc",23,0.9,0.9,0.877010907141879,0.349689442237354,0.98953555198164
"cc",24,0.1,0.1,0.174231762531904,0.0740209111208891,0.357702140648876
"cc",24,0.1,0.9,0.174231762531904,0.0740209111208891,0.357702140648876
"cc",24,0.9,0.1,0.863533277463812,0.321428525724318,0.988308327589364
"cc",24,0.9,0.9,0.863533277463812,0.321428525724318,0.988308327589364
"cc",25,0.1,0.1,0.16847553359586,0.0698888219836473,0.353305252324636
"cc",25,0.1,0.9,0.16847553359586,0.0698888219836473,0.353305252324636
"cc",25,0.9,0.1,0.848833288562538,0.29339868814409,0.987002214069363
"cc",25,0.9,0.9,0.848833288562538,0.29339868814409,0.987002214069363
"cc",26,0.1,0.1,0.162871968501615,0.0657581243352381,0.349719351507138
"cc",26,0.1,0.9,0.162871968501615,0.0657581243352381,0.349719351507138
"cc",26,0.9,0.1,0.832856330363964,0.265905941260688,0.985621088763676
"cc",26,0.9,0.9,0.832856330363964,0.265905941260688,0.985621088763676
"cc",27,0.1,0.1,0.157419496461145,0.0616691494525952,0.346877905767964
"cc",27,0.1,0.9,0.157419496461145,0.0616691494525952,0.346877905767964
"cc",27,0.9,0.1,0.815557670784166,0.239248916277745,0.984169696888191
"cc",27,0.9,0.9,0.815557670784166,0.239248916277745,0.984169696888191
"cc",28,0.1,0.1,0.152116388655212,0.0576575617447625,0.344716067882195
"cc",28,0.1,0.9,0.152116388655212,0.0576575617447625,0.344716067882195
"cc",28,0.9,0.1,0.796905253176338,0.213704358429399,0.982653497756101
"cc",28,0.9,0.9,0.796905253176338,0.213704358429399,0.982653497756101
"cc",29,0.1,0.1,0.146960770952734,0.0537537424473882,0.34317206065237
"cc",29,0.1,0.9,0.146960770952734,0.0537537424473882,0.34317206065237
"cc",29,0.9,0.1,0.776882586399185,0.18951400076219,0.981078494053776
"cc",29,0.9,0.9,0.776882586399185,0.18951400076219,0.981078494053776
"cc",30,0.1,0.1,0.141950636379512,0.0499825671057366,0.342188090120181
"cc",30,0.1,0.9,0.141950636379512,0.0499825671057366,0.342188090120181
"cc",30,0.9,0.1,0.755491593398056,0.16687415448663,0.979451055093711
"cc",30,0.9,0.9,0.755491593398056,0.16687415448663,0.979451055093711
"cc",31,0.1,0.1,0.137083857289562,0.0463635007522846,0.341710859258997
"cc",31,0.1,0.9,0.137083857289562,0.0463635007522846,0.341710859258997
"cc",31,0.9,0.1,0.732755252195264,0.145928968023436,0.977777744095677
"cc",31,0.9,0.9,0.732755252195264,0.145928968023436,0.977777744095677
"cc",32,0.1,0.1,0.132358197198245,0.0429109254128605,0.341691767080245
"cc",32,0.1,0.9,0.132358197198245,0.0429109254128605,0.341691767080245
"cc",32,0.9,0.1,0.708719837995636,0.126767776882136,0.976065157866224
"cc",32,0.9,0.9,0.708719837995636,0.126767776882136,0.976065157866224
"cc",33,0.1,0.1,0.127771322242112,0.0396346189450044,0.34208687649259
"cc",33,0.1,0.9,0.127771322242112,0.0396346189450044,0.34208687649259
"cc",33,0.9,0.1,0.683456561945594,0.109426409525639,0.974319785092038
"cc",33,0.9,0.9,0.683456561945594,0.109426409525639,0.974319785092038
"cc",34,0.1,0.1,0.123320812235871,0.0365403163524867,0.342856724153546
"cc",34,0.1,0.9,0.123320812235871,0.0365403163524867,0.342856724153546
"cc",34,0.9,0.1,0.657062406065301,0.0938918436001818,0.972547887165743
"cc",34,0.9,0.9,0.657062406065301,0.0938918436001818,0.972547887165743
"cc",35,0.1,0.1,0.119004171302125,0.0336302998743836,0.34396603179054
"cc",35,0.1,0.9,0.119004171302125,0.0336302998743836,0.34396603179054
"cc",35,0.9,0.1,0.629659979053967,0.0801092998235099,0.970755403299817
"cc",35,0.9,0.9,0.629659979053967,0.0801092998235099,0.970755403299817
"cc",36,0.1,0.1,0.11481883805443,0.0309039791356035,0.345383364322844
"cc",36,0.1,0.9,0.11481883805443,0.0309039791356035,0.345383364322844
"cc",36,0.9,0.1,0.601396265916321,0.0679907442791797,0.968947879847145
"cc",36,0.9,0.9,0.601396265916321,0.0679907442791797,0.968947879847145
"cc",37,0.1,0.1,0.110762195318835,0.0283584357250381,0.347080767433568
"cc",37,0.1,0.9,0.110762195318835,0.0283584357250381,0.347080767433568
"cc",37,0.9,0.1,0.572440214370921,0.0574238237345868,0.9671304223373
"cc",37,0.9,0.9,0.572440214370921,0.0574238237345868,0.9671304223373
"cc",38,0.1,0.1,0.106831579383347,0.0259889170499603,0.34903340680815
"cc",38,0.1,0.9,0.106831579383347,0.0259889170499603,0.34903340680815
"cc",38,0.9,0.1,0.542979187737061,0.0482804323584348,0.965307667778896
"cc",38,0.9,0.9,0.542979187737061,0.0482804323584348,0.965307667778896
"cc",39,0.1,0.1,0.103024288768669,0.0237892721699236,0.351219223192719
"cc",39,0.1,0.9,0.103024288768669,0.0237892721699236,0.351219223192719
"cc",39,0.9,0.1,0.513214408802636,0.0404243414467278,0.963483774235619
"cc",39,0.9,0.9,0.513214408802636,0.0404243414467278,0.963483774235619
"cc",40,0.1,0.1,0.0993375925171925,0.0217523278502251,0.353618611499155
"cc",40,0.1,0.9,0.0993375925171925,0.0217523278502251,0.353618611499155
"cc",40,0.9,0.1,0.483355610752768,0.0337175629649204,0.961662424487244
"cc",40,0.9,0.9,0.483355610752768,0.0337175629649204,0.961662424487244
"cc",41,0.1,0.1,0.0957687380004333,0.0198702067335804,0.356214128018062
"cc",41,0.1,0.9,0.0957687380004333,0.0198702067335804,0.356214128018062
"cc",41,0.9,0.1,0.453615187390477,0.0280253255875554,0.959846840652879
"cc",41,0.9,0.9,0.453615187390477,0.0280253255875554,0.959846840652879
"cc",42,0.1,0.1,0.092314958248067,0.0181345917557533,0.358990227000864
"cc",42,0.1,0.9,0.092314958248067,0.0181345917557533,0.358990227000864
"cc",42,0.9,0.1,0.42420218470763,0.0232196993525339,0.958039806898544
"cc",42,0.9,0.9,0.42420218470763,0.0232196993525339,0.958039806898544
"cc",43,0.1,0.1,0.0889734788042797,0.0165369421204549,0.361933026083183
"cc",43,0.1,0.9,0.0889734788042797,0.0165369421204549,0.361933026083183
"cc",43,0.9,0.1,0.395316491919646,0.0191820080789991,0.956243697701717
"cc",43,0.9,0.9,0.395316491919646,0.0191820080789991,0.956243697701717
"cc",44,0.1,0.1,0.0857415241194577,0.0150686666206549,0.3650300989535
"cc",44,0.1,0.9,0.0857415241194577,0.0150686666206549,0.3650300989535
"cc",44,0.9,0.1,0.367143569912372,0.0158042233443177,0.954460509543056
"cc",44,0.9,0.9,0.367143569912372,0.0158042233443177,0.954460509543056
"cc",45,0.1,0.1,0.0826163234872221,0.0137212600929321,0.368270293098904
"cc",45,0.1,0.9,0.0826163234872221,0.0137212600929321,0.368270293098904
"cc",45,0.9,0.1,0.339850001735739,0.0129895509791262,0.95269189429747
"cc",45,0.9,0.9,0.339850001735739,0.0129895509791262,0.95269189429747
"cc",46,0.1,0.1,0.0795951165385206,0.0124864084988614,0.371643570217254
"cc",46,0.1,0.9,0.0795951165385206,0.0124864084988614,0.371643570217254
"cc",46,0.9,0.1,0.313580071255039,0.010652412631503,0.95093919297433
"cc",46,0.9,0.9,0.313580071255039,0.010652412631503,0.95093919297433
"cc",47,0.1,0.1,0.0766751583059289,0.0113560676702673,0.375140866852838
"cc",47,0.1,0.9,0.0766751583059289,0.0113560676702673,0.375140866852838
"cc",47,0.9,0.1,0.288453483499955,0.00871800154318605,0.949203468793273
"cc",47,0.9,0.9,0.288453483499955,0.00871800154318605,0.949203468793273
"cc",48,0.1,0.1,0.0738537238725117,0.0103225202206092,0.37875397290754
"cc",48,0.1,0.9,0.0738537238725117,0.0103225202206092,0.37875397290754
"cc",48,0.9,0.1,0.264564245835842,0.00712156145763664,0.947485538869966
"cc",48,0.9,0.9,0.264564245835842,0.00712156145763664,0.947485538869966
"cc",49,0.1,0.1,0.0711281126205533,0.00937841457002781,0.382475425845412
"cc",49,0.1,0.9,0.0711281126205533,0.00937841457002781,0.382475425845412
"cc",49,0.9,0.1,0.24198064389052,0.00580750618662191,0.945786004023902
"cc",49,0.9,0.9,0.24198064389052,0.00580750618662191,0.945786004023902
"cc",50,0.1,0.1,0.0684956520962241,0.0085167894925109,0.386298418608035
"cc",50,0.1,0.9,0.0684956520962241,0.0085167894925109,0.386298418608035
"cc",50,0.9,0.1,0.220746178475017,0.00472846823768464,0.944105276410413
"cc",50,0.9,0.9,0.220746178475017,0.00472846823768464,0.944105276410413
"cc",51,0.1,0.1,0.0659537015068056,0.00773108709109257,0.39021671946794
"cc",51,0.1,0.9,0.0659537015068056,0.00773108709109257,0.39021671946794
"cc",51,0.9,0.1,0.200881284141059,0.00384433980473153,0.942443604826559
"cc",51,0.9,0.9,0.200881284141059,0.00384433980473153,0.942443604826559
"cc",52,0.1,0.1,0.0634996548674895,0.00701515665178787,0.394224602252776
"cc",52,0.1,0.9,0.0634996548674895,0.00701515665178787,0.394224602252776
"cc",52,0.9,0.1,0.182385627420247,0.00312134894747093,0.940801097651299
"cc",52,0.9,0.9,0.182385627420247,0.00312134894747093,0.940801097651299
"cc",53,0.1,0.1,0.0611309438149835,0.00636325142315975,0.398316785566103
"cc",53,0.1,0.9,0.0611309438149835,0.00636325142315975,0.398316785566103
"cc",53,0.9,0.1,0.165240781015857,0.00253119781890519,0.939177743460645
"cc",53,0.9,0.9,0.165240781015857,0.00253119781890519,0.939177743460645
"cc",54,0.1,0.1,0.0588450401052513,0.00577002001595437,0.402488379807077
"cc",54,0.1,0.9,0.0588450401052513,0.00577002001595437,0.402488379807077
"cc",54,0.9,0.1,0.149413085038264,0.00205027784712348,0.937573429414079
"cc",54,0.9,0.9,0.149413085038264,0.00205027784712348,0.937573429414079
"cc",55,0.1,0.1,0.0566394578126739,0.00523049381348602,0.406734840949684
"cc",55,0.1,0.9,0.0566394578126739,0.00523049381348602,0.406734840949684
"cc",55,0.9,0.1,0.134856532606338,0.00165896818306185,0.935987957544774
"cc",55,0.9,0.9,0.134856532606338,0.00165896818306185,0.935987957544774
"cc",56,0.1,0.1,0.0545117552477704,0.00474007152442343,0.411051930182149
"cc",56,0.1,0.9,0.0545117552477704,0.00474007152442343,0.411051930182149
"cc",56,0.9,0.1,0.121515549602771,0.00134101781405516,0.93442105910743
"cc",56,0.9,0.9,0.121515549602771,0.00134101781405516,0.93442105910743
"cc",57,0.1,0.1,0.0524595366103746,0.00429450179069341,0.415435678630014
"cc",57,0.1,0.9,0.0524595366103746,0.00429450179069341,0.415435678630014
"cc",57,0.9,0.1,0.109327572582013,0.00108300789377207,0.932872407147756
"cc",57,0.9,0.9,0.109327572582013,0.00108300789377207,0.932872407147756
"cc",58,0.1,0.1,0.05048045339484,0.00388986457961871,0.419882356493078
"cc",58,0.1,0.9,0.05048045339484,0.00388986457961871,0.419882356493078
"cc",58,0.9,0.1,0.0982253613555815,0.000873888522312962,0.931341627459691
"cc",58,0.9,0.9,0.0982253613555815,0.000873888522312962,0.931341627459691
